{
  "optimization_params": {
    "color_clusters": 18,
    "edge_smoothness": 1.8,
    "texture_detail_level": 0.9,
    "pattern_continuity_weight": 0.7,
    "noise_reduction": 0.4,
    "contrast_enhancement": 1.3
  },
  "quality_improvements": {
    "color_diversity": 6.2682926829268295,
    "edge_clarity": -0.5746606334841629,
    "texture_complexity": -0.11641506161300004,
    "contrast": -0.2052814135636272
  },
  "processing_time": 0.9031410217285156
}